{"file_hashes":[{"block_hashes":["OcDk6rFIvdMR3bFfjvUbgoMkIAaYLqV+0h6N3Q2PzS0="],"block_size":4096,"path":"background.js"},{"block_hashes":["CGfCIdQukflkf/wEGjuczWUCMbwU2GtrUIe92mlXxOE="],"block_size":4096,"path":"content.js"},{"block_hashes":["eVPv9lBfUoQYJZV7B077lUgZ9XGTKR+5uvGVJBvtfIA="],"block_size":4096,"path":"mdl/bower.json"},{"block_hashes":["09QgTFlF/3rHhBGLqxkpipahkzk7XLRRlYCjR7/jSsg=","1cjIoiHVzwYYF3OIvvxAx5ncn2b77OSOY2ODsnmct3E=","hfW2VpEZPvMxgoYQQ+FQlopPMFtVDCE+dJdPMS3HxqY="],"block_size":4096,"path":"mdl/LICENSE"},{"block_hashes":["4JlMYI2DgdEz6IMgCn3nw3Y9IJ9zfs5KdsrLEIrqwgk=","XO+YF/kunoOER5tf/5ktAYvPvwpc3tMyTJuPqNAFkZ0=","rJ2KJIuOZ2PCOwocR1bY3UNghXLerO4MQXMCAxDD9L4=","f9X4Kfpw7utqpcasYDgfqYs4kxjsw+iZJ5xd5hrC5D8=","3gJWXUWI5vv1GwQqDS3nRYvvrdOQBpWnZkn+ElXEV6s=","fFSQ7ml4uEzhUADUneNyawadtF6TTcD64EsNAd+GyXY=","h8lFzMrFQR+7Pc2fG6smuSQq0Jl+rWyY+/4E+0emcsM=","pH5XhR8aYL+C0GtX+B5RiGBawgn9D9L1VvG4IapI/OU=","Z5mDkywueU8yplXG3DyiliVCxFuEzaFJBJmx8EGMJoQ=","PbhpJupzII3GD9fSzdAgps7WNYBulyTbc3rcOWWRWwY=","Es5M+FXL+tT+iwdF9eAP7Cc+MlP9OQsY4G1aQlQqTCk=","AEU4dSqgrC1icrRCUFXtBlUg80gkDVP96TTiQ73QHrY=","SbTpRYRkmvFIBM5lIe45Zh6x2JS9HGeSQwEFsjK5DPI=","7oK1LNHkA17Ssu04/AP0r3DlQ4JU1UpfXiyv4MywY3M=","/u7PqrINwd1kjTjeOXgyfsmK7IAh9zbel2zNUITqqLg=","Mfu1oG6njFnU2Mp9tanf5gwyPQ54zbq3eP8OC742HH4=","3bi4pmSMW7SXw1Nsnk9CIK4PNPcKsWlyavc9ZB/dBww=","ltngdU2VzDvf7Al/7cAakanllqQCf6ZsaVR5XhAzMkI=","KSbaUgzjUjEDOj+Ypaf0UFpwFOFk5kriupwqKK8cXvw=","DxPh/McIAIm2QkgIlUdXUftIG8kc259EILVGtDcwe3k=","umsJhvDeA1GdlHUgoe1x3DXE1A9aVkocTL0Kl33+9Os=","UQfWNiQ04xWlvc9lpDtBOcLUs/ksmgycqPp+hw8symI=","x76mnrtkq9MA9gfIjyBd8paIYLu/9KyKjLlwsUaYdT8=","0RkhtlJztQNQdSo+W2xU4wKNJBxo6pWbG/mPzB4ezAM=","IfbSLdsGnwoVeF+bRQAxghSGNwJUMyM5QBJRuv7GWhM=","oqeeRxdNRLLAlL9U7jfw19pPb+YSBhr7DfIUOAyX+Ak=","YAAXyNgtCDYH8vTWGNYFEF+VVN7kquPmte881HXO90Q=","w+N93h0yfReRPVzk1bmtiaVMoUDo+VbnPNcvh0SPZRw=","I40ep/bdaMsmgZatWN7oqkLKDVLCDMPZSbgqqmqXxKY=","4jo1axM6+g5+24NQOSb1aT+GnoHJ0YIs7cPsnX02PiU=","jq5ndrccfJEYyXfLRjc9X1TP5N/o7sSHH1rsLZJQZA4=","6xd1uAaPzUUTtbb57efzVQ3yCwMgbdnOM/pt/QgFyb4=","m5sYNHZHHLRhOm5azav0iyWTgOVbLQPHV0SsSr1nWYQ=","DrynQsA4Ck+ilBbtFzijOGwzJjteBcTuq9AxwLoZxv4=","/Fvf2BQnvinZm5CIc8nIym6bsF2/jjNechO4Giuu5sM=","ANhwUn51iZETeTfp3YJwz/wTrrGyVqo9HJcNkkSKrcc=","1StM8OnZApcM63G0e1suJyuB0OSMFOnWYBMHS5lNsm8=","+qQzr030p5tkve7j/mr5g2ZwJ298e+d0sqVtq5VRAak=","U2/HqK75hdJXI8tHBPQn6ljeg74c/gEmZI8LpeoAhto=","NG2IdCtLeIqO/iDIlrACOdoF4Ay9LMkc7YfHKGde0qI=","t7PoDR3w0sLbKVJwEYmwbcu8diiJY8iPg85SChuZGNg=","vw7VOGCHD5Xr7TUksZxeSA84AbNfGGL8XUkCfDu0XJ8=","cBomA0txIKS7kybIwdFgME3ERr1jb/k3YE9Pmj1JiLg=","oQlxto9c6PiGXvq3WfkQhCGPfoEXUeNh/wpFUBruktE=","Akw3Ntph17OUBZ0NHiVPv6nLUYz/ggqN8hvc62QnXXg=","t0Uj3dCV0Cof3A5w036EAqKA0XPKJ5PXSLWDPKlAkec=","jDjzKrsaTy8q0P76gT+er9TAqH/Ap965+zFL7IYmHDg=","jvtbEBDsXFsCpDmeEeBno0MP8CSJJ3y7usJJo2OYd/A=","5Ehy9NZ6hu9kg8bViZMpRQhrl+XQi5rBYAnECHuLb7A=","umhyx0IPcfSHlc8h1UfhlDb8eevFPpwakuLif4C/rtI=","z9iQ5l7CK31TygfJC/jeyzQwMTmJ9ldEps3XWZu/fpQ=","vgcsbvc4aT+eZgOxOheaQlnwa94M611haNwCsJKpn4I=","3n3qshbDHMAqDwMswndHOgrekMJHHiF5OtdTPOZEsEI=","nBgsu0ERh5inZyT3J9ECel4sVyQZ+rCJRedalqNZcQM=","YvkiTlLIl4RWUrOoPLba0J4I9FpPo/73H1bwf+FsyaE=","e30DUWHzJ5bc/Gob2wB8oB3gZjLC0M2uPcH/bLTtm0E=","3LGPHwtuhR36HZwMuhmx9V3dzS2K1uuIKS0nhUugvXk=","YCA6dYzfUNfPWj74zzTtDhYNSS272+y1KOc06dy5ZQ0=","rnTzfmunTC4w22XmvAu45WKcvmDdSwUywT1XSMdcfgY=","ss90Ddog5UkqWhXNmDrfFfXUP4s4z0Q4mOXG9BYW7a0=","EFr7AyvpobtTeSCl40L10AV57vXS20LbDhkXSS7JbjA=","E2rkt0/wSjbe2f/t4kJiLAUUqR/4fZt0OiEX7BqJN6Q=","YFbExn/oK1C+XS9Zj3v5OAjN1cx2djV/JrvAVPJBPTc=","NyDA+vr3LTrSbtostpaXEwivTW5DFk7abUwwscDrNRE=","1u7yUW0JOQqpPscXwH+0ICflC8H4Rusxic/miIcllEg=","axsqX0nmg5gcvjSSPPxQ5CTREU6KXNVCMhfNNX+YaxE=","e0Xl1SAujbjq8GTOuSCHGGmOaQBQ9rWAXucYzueYPPQ=","uKQy/xL53o82HyHMNDEjtHihxnWbMDK3fIMUkpxFBLM=","oDPVgTP5LN756p8tFuVDvLlKUO8rTuEg0hV+X5Xm/bw=","vRl+3Ml5GXXiEiECw43b0pE+JV2kw2qHc5uloKWeDdk=","7Ev5Elz1d6E1AcDSpbQYi9rxFb9y72laZ5idiwniWgA=","sHKv5IB07zGjioe9dHP1fVEI52Y0yFiUUuvs8OnliY0=","4kiJTAOsWyU3+KTbCwg0Ytk7mHnG5AKiVLq3n80CNaQ=","bWxSPt5rSRD1QfCKW+flxmOzFwxP7Jhm3tvxt+sXznc=","NdHa94LBZNajfLjTYlQ1GLUAVjxkL1qWQJwumKbU0p4=","RDjfjwwVIsJmBZDcMzsrv0wbBVFZWdo+PvNaAaSF5PQ=","OCkumlz8obW5Y/1keF+laQzIsd9V4JTLzqknmWwDcdw=","eoSf8ff0zaBCfgHQBUmnneltC2Ia7ogCDVNVIJinL38=","/9JWPNWuubLpP7zQ8TItgW1Fpg/Ku2xfnkuANzc015g=","teVW6WATYFg2/lj53k8u5qIosrKjdEHHBY6DqsB3fN8=","iy7/vKUS6yB583uRwE3UVd8UCDEiDyf4aZRP7hrfQZ8=","wVEHzH1taehC5FgTk7SxYyV+DYn8VU39J7qHyQGLROM=","F9QzcKHQQv4vt/0ivZnsKI4MtQRRECYPSDtyUegKnYQ=","it2Ox4wk3qvVyuEw+8ZabyjXVjMilFjURUtKkKuOp3s=","9JtS8PltKQZ+jaVUgy4BbvU4rP8K22u/RpcMV7EMwEU=","nljGSVH8SXS6Nr26Sudvva2g/kg6FOnNvcY171pI8MQ=","dazVtECiGWHnb3gDiHIq3mqs3CvSYhEpLXmprhhv0gg=","ODKOKPMrkD4JrIbTIdImbYiNvi5AO51t4BZifMVrFaE="],"block_size":4096,"path":"mdl/material.css"},{"block_hashes":["RDhM6jcmrL3ziygwvyMKGY+VOuqFQOxKiFX4ReOLOZc=","Rv9S7ZUtU+pTWndVK2ZZdVUUNVHNQTLZgauza7Q/I4I=","FgT3Ux+Un9IWVQ32LEKQWOscAmUdSIlFo7n2TcOS9vc=","c1QBTWpAfViB/veKpl4nB+F1ycuRV+2/z8lA/kJ/m9E=","4zU8yBYS4LZumvYplNX8w2SaU/vVwvYuTw0ZhCsjRKo=","elkcUkQC96toJPHE3e+eshzV48A3uZywXMAWL88lx2o=","3eD0JyN50KA0BCqVGAT1BQMNiVLKld5NSgMrZX5dEDM=","Sz93c7J1P0DV5SvvPHXq6JE4D+Ogel3Ta7PGqIJKMAo=","IAOri5miWQ+FmyUb2X7sheTkxveD/niAKCKsmB2mlbQ=","5tW+Ob2RlyXdjr3XyxJWbusJLJuERx1kKS3fxhwkh6k=","QzzFIOVovwfjN/Tah8BiJpBSRudqqmdrBl8KQHkw/w4=","zRr8Cr9KdQZo3IJ43hVAcot8WICJ0PtpKTDn4Y7Zw5s=","WU+V8C4o06Z9IcdNQrEK3uN+BOdSNN/eFtDkLb/a2vE=","GMdMa2wA4vG8uCA36pPidMWX2P5iJr65o15D6aLn6Zw=","16YFMwwO4GUiyRHFbe+b26Gcrm00gKmPhtX8h8Wj7dM=","ShxpdowqWoVBoBEqhKj4Np+UWn+nHIrTgR3x+t5XsIE=","k70WrTNp8of/wu9dAzwyVAZT5yG510sh/LCG4w+nAaA=","MEZ6cG7+4AAoLs4lSmMfWKGxwYs5IqCxSyC1mwTCU7A=","9eBpXlLuSUiDXIbm+EQ6BOliknCPDKv1vG4sd28RTlM=","m69mfL7AV91TxepUwiA/VpcBAxu5uJ+XviWiR1WtnQ4=","iyZnwnkLj0KmHhd1vNZD1mU8AQk2kFSVuNZK7R16jvw=","JnQkG8KklLG0LSDYLMJjaUHJ/kkPVVBwePb/jmbM2rI=","c5RCrzJ8OP2F4tnSmmCjPe3t61dpn6dCJejKwzRXkok=","JAp5QIeMU3QhC38Af1ARI9rPLfNM7D6MeY4OO+ZA8zk=","M98Wi9i+c7rpKkU5w9Ktpen7GD0KKtDjMwEEjrBOa9k=","T+hO8oW4+Dmy9/njdVVRFoI5F7F+zdcKTjhgfF89dJQ=","tYpzb8AJujM/MhHVVrtz/W1fvJwOf9Fqr0fuS47qD7E=","yVL7U0Nm3rf0WGMZVgmI2eJKq+2n2XkEao2WLUS60rg=","tGlzn04PGy5VSKL6dBoXpei4U3jduYhx9GewPAc7qj8=","BQ2TyMVg+OEXQoXhpKaYmczdfvGstnTxrPhDAIiURGs=","v++VkIUQisMOkUXIc3hQDt5I5KC52UXn1VdHr6XZ0OM=","pcEB6qLTYKz7YoWiXeIAUnuDma6bABHJJZHOs21AtlI=","T7etpGQsmpnTk/xMnRfOj/9Dw827MuCZyCU30EXA538=","+wX1DJ0AEMwfosrpRpq1QulozzI6c1iIcpRmymanjQk=","m7+GA2WPkh8AT7JZvU/1aNuJLJavuywSqdfIEA8Akb8=","hZyPj2wtWkl1HF939xQ6ok1Xu8yFifc21C0CQ+dPLX8="],"block_size":4096,"path":"mdl/material.js"},{"block_hashes":["eb6syjp9vcFVYfFxngl2H2q2/C2UE7Y82Aw1H2ZFnBc=","c8RUa/3RMjopiC6aY8sn8p/UyZIlKVxcocbmbJ6Caxg=","EYrzFMaBc3x2KIXBdw6dm4UXXrnnEiVuqisEFab7G30=","9sWxXyQQ805N5Lwtven6EQ7cwFbaFj3I8S6QEfiZ35U=","bNIl7sypMb0z4BI390ZTGmNB/DpGzRdLZy7iNCMsieU=","n3/AIc3oiaoohSDihzcLfVo4Y79Jy5JP2TutjXuTvgk=","m3d2wrcz451aRwloGjro96+8MUcsyHCUqExfWi7uF5Y=","CkMrezbg7GI5fEmWyJGO3FBHOuVic/w2HGzAZz2x76U=","Fxi0ZwagH3LMBAiowhAg1WSq2RLO4Z8Er19fODUkUV4=","26EKWOMfow1aG8j9vRdWsDKyhWMoWRN96laWqx8fJdM=","4G0Sc58FtOdLqme335FqZ10IKmkCD93QuF13O9/i5Ek=","kq0x2gDhkscMFQwKSb9ESb9P4pf31c8GmKExntu1S10=","1Bz5TURT0orq72nwNU6xPujPpXJxCfEu2cxWSfYgA74=","OgmeRm6KkWJfkWcWjUoSXRXuZkt+7d1NIwqyMq2TM4A=","wS77PdkLFjFZtuyo1LXobUe5+GvOnUHqz/KoF8q2K5M=","CBAS78lCs20o1TZB3jQgiqUdAlf+aIaGv2dvB/1N2ec=","0wEWzeLrly/HP8jTSlYOPVz29PUaZj1HYQveGF9GIhE=","r0PQQe7WnHlpXQ3F/v6zBzOP1n1RtUq9mfF43N/6opg=","wv8pI57YJrAvyGS33M/+2XvAnI6JVKGr++rBvq4B/KQ=","BQv897Rt4UVDSUyHz+xFx1Oz9i9y/ecISbNUt6j0nKU=","jftrH/JTSLb0q6JvKkLGDsqZPo/JR6g+dhPjzLO374I=","WlPHuHeGfF5Ti963Trcu4pbuXjJVjZYYCEMg1koGxMI=","1DS9Ul3aaKsMNfVnmB6yb5JjpDKcjQshIUEw5vxTEhI=","lU+bUYi1ZzwajIQZhvSVbmuFN5qmACi/ce8KM3w+oTI=","K1fIdR4q4+sj4rjlzSJdbsjUX41YXyc82sNS1BMOAkE=","kbVbqpqb/ujfipY3BvG+oECzqDpJaS5L+jbLU9D8H4Y=","HEYvm7l0Tknn8FVbHpZTNxO62ts9CTyk1eGEWCrF0DQ=","3uFOYsq3NqxGg90sD2SHHdFUcUWKtPZ3K1i5d9QglH4=","ktna3vz+hhK4T6xGOkPM25aL/L3lB/CvKLMYQ6gnymk=","z3MwgS0hRVcv2+V8P2pprdytk7cWCNfeEc5V5nPXFmk=","sfkhExRghlkKXuhO3ToH+iL6PMLF60fZqVl0favZG2g=","USk1Z36pQ853Wm1S+HX8nsD1fdiT8ZFCc8IBPBd43P8=","mH72bB8XNSmI86Z/Y9PZ3W56j159tUr9JBPbNUifxTk=","S5pRScGnKvQFjGW5UhN5TM6s3FvSjga0swUFBqOe+e0=","bmPsspkijexiPwys78H95UOrLWun5fUQli4oHqFa4fA="],"block_size":4096,"path":"mdl/material.min.css"},{"block_hashes":["R7XrmTxmCo/HQQJ2EDHb13kOfEatPXUC/w03RtifK8E=","G44ECLu3T53sQVQRzJBzGyZ1ZY2LPFXkvjgsze5/Unc=","bddB/bYkdFYWyLeKRykh5g5gH5dNKWk2vFjsEnINu6E=","wnHZGqVx+F5d+jusqkPLWdCOv5zq4dsyRxime8EO2Oc=","apUjitp5EPRb8hfOCOXkh7bPY9WWx8fGaA8sxDqD0r8=","c2J0nRDuBwLsBR+OA6yQoiFqUTI/Je/BpJdAjszNnt8=","qsCDKqEF3+ZjLahouobK9mu5XztQVkdd15uHipmqLNw=","cXvLJ9i++h/1A5lLQtUuEHMlPxhI1szL9y/CRK55cI4=","A4ut+UYudd4M+LbP5WspTjGUlU/68AghUfP6Jc3OESY=","Imh3HVHjFudISQ0wn6YJUrJcuPlwuW1kvVS/4fYodIw=","LDHcA9AFlr11XtDPyA0sIH5YEYMT2g/J0f9pCo8wFas=","P+MpWPNTYdxSAYpMUaUslleYdiOzQPrE+1vF6SGNqNw=","23iomm3T2Kmv9id6TJJw4RAufF12gNZA6AiXr9mgsXs=","1CAWh7hJDSi04XEpum/SGo+x41YY71DaFX4cCt6VVHA=","r4IkmjVJduzCDJ4gG9A9y0kuoH5UlGKv5AHToS9UYYM=","kQ0ZZrNSfaoGQ+InLQPiaZ1W5zeNbhSjg80H7XcCZuM=","QfiBzoy+YZenI3Y81nDzI9t2FSP8BB+KG7lfW18547Q=","SfNckUVdHNJlfFlemwIQu763O4ubyaabJ3FTOG+465g=","g4z1MCKmxb1b/bGM1v71KXQ38fPzWRtRA8cvMYHeMyU=","xKo+iWMTpVpGkgf7J/itB/b/GRUaUdXmvpeKih1tsQk=","u9393B7hVUN25rO84WnA1FzqKxZP6XImkSXGxkQg+EU=","cJous9V6dJbqLLTj8MqL7FLAH4xm6dLx+uJ19vNiD/4=","AQFYYLMj8UCV1/9I96cwvbIazJVw2MpWGHQcDpxxsdo=","/aeHTD2U9oDK8c1hiXRXc1GHaMM3fkIPNjqKUVS2IlQ=","dQjnnIJ5onmWV3Zy0b6zwuHOk9ay+8+CjCtLQQs73cU=","XUducexyPSQrRp7Ku+ssQEpuDGa8F2di3Hkz+dxeuKA=","N5E+j3bAzJla6FYWRwIPMeimxO4/pGiQDe8vtQdy5NE=","gzZdozUUnAsFweRJKC47L2l79FaYlkUZ30izyyZy7nU=","rSVr6QGjd9LfCxN4HG1s/XqVeHmLOJ0ZlJJSybPqNaE=","I7cJfihPzdUtODRLc/q5TH4B0/wgriLM52QhvPnYO1Q=","WevpejF+PcyhX+oyJ6Sag3f9HoQwFxQ4rYFbZZI2An4=","u88rQd1wuPtCnNJnkQw47fnA8vZxE8fucq5btNmobco=","DCTOUi/JdbrePAf8z5IwXNYJNNvfEeFUmIki2H1yp4s=","1QJj0zzPUEi6jS4Jiw2J1Pj4e2zVEjzpx9y5z6F6pTw=","Fjw4SlusMM7qBG4ey0oSeo5j8+545PYq7FOjvp5FnZw=","ODgi1J9EPpyA6ByOKnMVwZL+t4i6RbMeMBiVb2Q8DMA=","3WB/D/j5ELzw1NAF5An9DYfVfTFJ869IG5MUR2C900c=","6NuMXuhDWsfBix7JW4s39XPuy+gfLavz9x2cXrUse9I=","ZSNFKscwRynNmiqXdGdfUhIawjq9FrMSYmKdNstEMSk=","iPvLiEmDJXBxcrQDK52LoEJkQ4EeD/z1ekGUXrsBXaA=","F5EkocncyJpc62JZs8TINZoWOZEzyZFQ23qtieAfReg=","Lew6Prf6sOKnaTBkUwS77RCx1J1/iRvRVSoLq6H7vR8=","oe6nWARBMxuZwGIdX6GCGuBgICxzA6ZdrMxYwxITKwo=","kPW/rFMX00mbUpxwtbTgNLajxNUpYDcNrTopd3crpLU=","V4dKGCW71PlKoWpLBwZzqiYcNhwSneKMkRmoveR2C2s=","m6UGiZbvnsPYcCzJTHKVUYJBKqIoCNHg/jO1AgqkuWo=","CSJ4U0Jwc/yiPIW8mgs9Dt1fIF5Tx/zR3b1gfuH0Mw4=","ct0vlGdKI9NcFjz3QEfXdjpWmQchqmxcLgimgdWQRKU=","fEocVC22c11Rg2so7zhK97o3w9v2g56rJIPVD7BUNY4=","lraNjayhMJRyifRblnq+97L656o02Y0eWZQGPOaRkEE=","AXnQtdVCZiegNanwmKn9QFwxJdU/vrPR9gT5P5fFGGw=","GAwjAo29xmY1Q3u6BV4XwszP0v6MQTgF6TC+3NR1WBU=","wXrQTEuHRottvAx7vYH3Y1mTXKVufcIqti23pIW2ggg=","fOQCvXb4fQx9m5O5KFSLUpRcChLE/TRu3CqUVxuirtg=","4chKNzbi/hZoDOzxhUOCcBHY63OncRkwjm1eeg9LKO8=","yszxwUPb7mWOR2tnXMLjwMFLd0AmkN0ss7XyoUYglt8=","TfFaNoflL7UPTDz2L32YtVA7ZYqOmh+We6/yC4+FYKA=","vQ1jD00rTssVcM2sAv3HzFhhKg7JGMdyjV4tKV+9emQ=","q3wu5XaZzjYzsHpSsFmQPG6O3V+gkl1W2xF5p9olWEg=","J4JO8I6z5/8MDRgIwxdUaJnTdrm0x2l6C4yG+DMR/tk=","1DYVJgTN/yg46EwGWL8ozH0i+cABUOVa6Fxk1hmywFE=","3W1oDbFP1/4DoYRL0KqorEmof914vjjIaZxjp0vL77U=","cCUHicXqdmCTDi1Ot9ujkKxOaxqDyP2Z48YEcxDCr7w=","tWKxam+m68OdwneAp9IAkYpTcD/J8HD+oby4I++TuNM=","WDpJ2cL+0VHkNcAuUNtZvgDQMMGN3+XdAn4muzpsuwg=","2dVeIXj+OP1WSjLVSa5B5SE5xemhfnldmqU25dCVPQc=","37UwgtnFI3h+Y3LueGEIqk2fr5xZ8iyOBOH4n7IJV8g=","QUYx4+5Khwjrxw/AK2SPWusPT4GTlUeWm9xpK5M32Yg=","DyeB/tWrDm6gO/KeuOUcAu5MN2lcOBxdSIxCcwfklm0=","+mJ2MI3dm0mP8oIilspXASSTpcxgbwCEEMzRYEUThXk=","uVOj/vew/w/GrTmyLVTUvt1hGPXxQycInTr6HTMVmIs=","+SiG7jJPzsaGeScs8x23Dx1adL/CopojtvSG8qLAtZI=","kp5n4P55PPKplLR/L+wkY/40UWSZ0kJHTqnzxR5g9J8=","rhStA9tMjxODt7f0ZTFsY+vcyOHkm2Qkd0StfF0dw/0=","xfWrgdAUZrzx6tmNBXVOAAfNNBKRK2s5mrA2RXwMUWE=","TthWryfwwpAhlyHMuj1ARYEMYRA3SkkwzcFO2XycpL0=","GWN+GYaLUnkuw3VwSbS+kcPykbzCcDnlV8gDxj5B9Dg=","BKDMtW2Kp5kH2Aj9jo99SCb9+/gmaPKETx0MALenxc8=","Urjv85yHatywi/N2S3aRnelSD7gV00qzbh75bA3BTa8=","GmnFe8KZYcCjKcgrKYzA0qzqQefZZuhGdGG2DedRcgs=","atWaABD+2MILNV/wwW6TDgGzWbrEsc12XKga1/M49Vw=","UIfRxdSMIsoTaXzXAGcDKe0LhDkug1XZZx0EQgeUT98=","qgRNRXRpsRX+vMMrVeuUezjku+wl/CJwwOetUZnpolQ=","64ze4EQc4u91q1jZ1W1dntM50wQaDj5S08HOIkMzY1c=","j/0fzBdovcJYrfwON0o+N9c4Nm0+NUcFmurprCUqdbo=","Yar2gZnHibPXlVIhvE/0RGTjsHVYB/XrETiehzlzgzA=","P2pZ+pJK1KHmV5FmVpWybiwZhJSJGa+XWhceMyg3Q3g=","xTWvrt5bhCFkrMQ0Duiv3IwvhpJS/1l76qA65fT0LSg=","30aa+L7L8UxvxZ4bOWaxDM66tp3edZh3dz789X7ghz0=","KJdkBCwDsYEUyp30y+ZNLn49m1Mlvng4cMh8vxuqYWQ=","YvxJpyIEKvgMmPW8qMU9VjX4XiY2dJR9KXgHJ8FYDr4=","zuOG6geQ2IeyrGdq6ybxNfOBxgIsWZiw1gMDw1OL9/U=","zXSxIG30tvI3xUb2MhpofSH+HLgBUTEVN1AJKt2i4vA=","O3id3oYe+tnzgpOsv3vdwL3TcAtstfcUJQxnSKNrCXs=","CWsWWxPtuQlSeCB1yg30A9eFmvR7HzMrLRsSIUZjM8s=","zOoabBJZge/WTtDCQyv7JFlgDPlCmeAEbG4X8WJxtKM=","CO+8CljxQMlO4m3NFEgMjOu+4mHWY69UhTg/hzBcYP4=","+fm7YXZQQZ4MHKRSM9qzM9CGWx6Bkephbc7I0mMkG1Y=","VtSB2CS7KtHnmdUx+1DQLJ5ZKVWLj94qL+mWbldMRbE=","THTimdwGy1/ImRboUzmoQQ95gcsqLjTwhZXOg6r1Kok=","7vZW6MWotvfwScjozyXM5KrGaHeYVUTfOpQP1VgsVo8=","aPsMad8Do1JgXVbAgNUE3vsEAagmZmfuoxIXbRfsJ4c=","lsv08xAZzExV3WhKZV0REfJkNqHTfyhq3qRAEx839F0=","yCH4p5Q3iGdiEJiyiG/Z2vZmZ3OmDSpCe2BvtTDJ5jc=","OtG5jvag75eKAdRJzX+xfs2yOQ/NqDR1fPMxi3DdDK0=","Rzw5p7paKoVbCBjwDxRzZ4NAYuzylgboz3mmWYMzj9g=","faus417wyt/HGYX2Rfz8nSpQLxfZRVd2nl2t9vBec7k=","WLaZcAy6ENW0HYl9y0QZT4VW1DgFPrKmQubiy3sGDFk=","Ml1hrP4Ci3V1IhpXCMnHaEhoXakW9qV6O+lPOvt8QAg=","OywpbXAWmnZkpNTQi9Gbu9eM7xxbE0AYRuNY8vEdoRk=","AlKS5vgEZWzXKZCFU103arSS3vHUwFFPpVCw13/Ukmg=","5lKSJrOetP00Fw1q4FdkmAO4zpkLUdXqu+4GsQeLVSU=","NhZxGlG7eJOdJA6shRKAA6WbnIO8+BiRHa1mLaQtGPo=","gWUUMaGT7D1qS+5kWcgkZdhgnBoaz0IhUBRhIO04R2g=","AbVbIlAoGLzrO7gALJddck/KQpEf9/R6q1QBdbpokTQ=","BtYbnL3L2tkakoI8OsCenhEhsUSPJ9q6K3K+d7ASoss=","/GHPIl0nL0OHfJ5WVRqdcSyiDmxxKQCfM7djFI1cAZo=","tyw+esb5ZAdr1owUU9XEJFW5mLt1ER8g00OCLstePZ0=","OPoEK6c6sC/KqnMnBWRpc44x+NCJOiOdUs9ooCdLEh0=","fgKdKZ6R4oy/euZIg6qFthkRmYN8VXopFNrGgqyqDEg=","55y87wf125QuUuVoRs+2RdIcSlRNDrikcDonTvxngu4=","MdIcU9D4xHBLGT6cTU/xzQN1tkQWvbz+VSm+GquZZD0=","VR/n/pDqFnXRTIK4aZ9pBgE/M3CkJoyCsRASfgo/J4U=","6bznaTJqZdin9hjVEjBB5PqviSsCiD+EpioRARALbEw=","3ilDKTMXP5KJyl4yPw/+L6BuIXj2CJ3Bh31H4kO+1+I=","o34Us5QHMoTaiDZfd+z1b2rpCsvyz/KUHystpeMS6aI=","2HijjUEdzemRxfwkfQib3eZF0/Ge3wgrpRMNI8Gxpas=","mL33B1FMflBjY09DslKzKFvVb7eQmRXO40nW2aLTwk4=","RuMjTAUbh4oaDglUYHwMjE21h8n7pKqkPN/CB5g4JI8=","khqcnH3iqsPZpFiB5LKWjJpExO2GUDXus7HrkC4e8uU=","4H9D5QebYqRxesajo6/Vqph7L4SDIFdGkvb0WIvmZY8=","6Pu+VhAWBr9HzpNdmqJubYrAJTp8HFKrkM3CHTK4uzM=","LPQOXZNgsldrxjCWRnQda3avCysW60ifg8+MgE4AU48=","3Ro5yvUXPORwKjbyoe6yOWPH+w5UpabBw+Uc1V4knUI=","brvFBoRkOnAODGsPOqxfLRpXEiyyokKEDS+yrPUcSJU=","NqJKnJa6H/FHFP6DE65D8aU5k17uaLHx7ThOr1m/usQ=","CQe6f6xB8pzcWajlViOA+Vb/JxeN+LpS+HnE63jfPu0=","L2MhtVU2Gw8Z6odGPl0JOMoQ11Pbod7BFvQW6CpJEcg=","+wUfKP0dWYaG638C7uCd6DLCBAn5H0EnJQ82plL2aBE=","f4OJW51edjxPfz/B1aACyaghLJ2gxKcsK6yfRPLtaiU=","f+bPnytwtPOjzxwcfsi3WVMooRF8+EeuuWmx670ROUo=","HRJr98uUMrDdjWgFBKPvV9ILY5J2jnE9zp0TX8un448=","9TxUCrRlnJxy4pfaotLTVQ1uldscvNIDG/lk+uo0hrk=","/4erl9zvTlShjxKhywYmqdV3tof0LXXyR4XUS3wnyXg=","u+qsfgShMrd40+l/HINH6T7X0ALqPfIqS7vpnhMBpJc=","P30KW/AXSgkqQnrNTy39SskvYWdAakY3cPjOV6aw9i8=","pr84YFhBwPn4qmsOPSWV5aDEb4e57sUrjR3h691QzZI=","j7TKVO6BxDqUtzWI/Rtt6NOCAGZIAtK+Jqnt+qhBvBo=","QCjYbuVpl0xfUjKHKOOa5nXbAi1OnRWOim8hdhRz900=","o5HI1WiwCilPpP/EWH8iOdv8gTjjHgJA0X0LTpbUwx4=","8holSeQwvj6/M5VoUyuSB9mtHofd7PYXYhd3VO6FJxY=","41EPFPcOWJS+sGP49+BOoQBw99JybeUWW0kgyjOqHy4=","qBvJKaeX5kJhTzISYsYwpZTvKYNsDzAagWdHklaDeJw=","LRxozuAWV2z6cfI1liNHlslqhrwSK0OnI9x75pmhhkw=","IoNUlGakCvcXz1+vDglYfKoJZ7wFLi1U4zil952u0yo=","6x0qGr8rawn1apLg7qWou4GjrujdktrcIl8nn3eB55o=","hFOdyziXexixZgc2BNKTZ9qBdBVco+L77mcUblf5BLo=","UwH2WHHZBsBq5Z/H+9zFSd33uoTppSzh/0B3aMSPfPE=","SudRJInPCPyg0J1lGJMyxyYd2CeG1h6ekctIbw4iLhA=","TQ2QE2yeDDGTa0+XsE+6hfQo2/gI9yTVH5NBTBRALJY=","H4x6srwZk5D7sJB1ZTtC1elUN5wmmMzPN6tycgPHqzg=","uQKWfEhWNb9tawm2e7+cz2PUSSe5JcwAWB8P85hJXnE=","/toI+3ppmL+p9TIIvybBp0o+ujduBaJGRWC7bsHzfww=","eP7EvVawCelPvFr26soniNIda6ljcql27KLjTBw/R1c=","RRQ6W8XplcraX9Wk8JWXAH+9xAOuxVwcJGzuDHlEBNM="],"block_size":4096,"path":"mdl/material.min.css.map"},{"block_hashes":["xg+qwnDYZTovJRmEj5sIslcFMKnn9YX1T+H26FETxvM=","K82xc9IgwMaAgUfEZW7EScCLTwxYZ7gAh30y7sQe3hQ=","JYn27um28mDGYnzTSWglrlpi5eZtWnJsjzNkjjNzr5A=","DAI4csFyE1MP4v1DTmGYmie5HAdODw0/ubGve/IDRBo=","Tag1DPIj/8lRlPTXGP1auLb02RsdlHEHBLn/WXxVTwE=","E0f+zFeGZwkhnCtnf5pehQFwXnYiYTN06ISM4bhZXI4=","F7hWSlTabUmtpFxnPD2O+/J/Gx2PKLn9l10g9EjZDW4=","kXNgwPAs+lhGx3NYoKC5BQlqKtBkvUIaWScuAJqrRAU=","zeP1QzdFrLwOYWAjlPVpdnJVoTfN/71qb1XXXSXiCAc=","hayGovpz2MbAuKM1o5Ibky7q1i1m1GeVk1vsHjJ4PC0=","cLhK1p1fsUF+fRMoZfwcryX+wceYr27SL6Jw7GFhah4=","Qp6mnzC0BAKy7VwWtB5w254WXhH8KwtaGp6bCzUbikQ=","T/OADetrOXPH8gtKed9jvsjaTM53kvTxlGNUsy8udiM=","i9RHGKs0f2u4l+5Oqm2DSH6Eb8cm0yRSXXG0OYMAO4Y=","MtK1ilk/vDg5yYaiSJ/eInbbcE6o70bzDiGFOZia+Mo=","fH6H2ZfsSxZEkaClJSr/D6mIyC07g7Fs1QouCxesTLY="],"block_size":4096,"path":"mdl/material.min.js"},{"block_hashes":["6wghnPViBBuI1cHpykw1erg+mYsHzyztqVgKX73/hhI=","H6oKcT5FLttVtx0rnP9kzy74BgvXVL1FGrxE2gr71rA=","9rz9IU3m8rZTz1HHHzMr/jzKmqdF3/yuVpSfDlRYfic=","X5ovLtgMw7TqsU5rMEXYfgiEdE/spnjMBjEV+Fm8Jss=","VE7gGrKC3JQx/ugjm9ObspRpqUHOm/b6tagJAIUTiAE=","wzOf6kVyPllcH39f1rrXsipPJt2DN3HN7FN34PueYiw=","nWiKvXlMbfYtb0WCAk7fb3Ix0yOfjth0oMs+UobUELY=","oEp/A4diMJPgFYK0IVpGs8o8pZqZMYkEbbaG0hEa36E=","v/XVaLdH0L7J1zmk4KmiAzNKxD1c/BiPJKJXLOBVSRA=","zIJ6JsrKccczCLM+4//d95HzY/6FGhRJe4rHWA5KpFA=","ZTimzWSnhJ0sC38/UNgW9AmG8EaURjoIjaMWduT18Ok=","VX/fI+rCXklRyywxAKRx62XgV3s91wf8zLaNxxzBlEE=","kDkJtqaFIVWBv/JB+06mpxlzduri7uJW5WWemCMblbM=","0DFIB1QzM5tQP6ttMG817EbJR4fKssqbY52PIgMkqkg=","re+nFZrRbjy7ilpPXA+T+50LFS0Bn2TSf819Kv02ebc=","MJ2L6f0O1UTzgioZ5SOVVSJI18vRci51iApM8jAl1Z0=","jas6igCxZopOIE/Y/GOU8HgvLYyViGWTq1Tamurdva0=","4GCeZZJKhGuH2m77PltO7lrv1QzjMXzKBF2eIftTB7A=","z/MF8rsJKK+dlr97T5Xkj62KShSg7kcO5BTwha53h2M=","wvHOKUyF1jwBH+zg8BAJb1A7CRHDB3EHosmo66c8y98=","o4/oWc41WiQ+7KTDfaj/N7hfyHU52ATh4nIFx1dwcOc=","ddxGzwE/ZIDknQkwcUXNviamGW9mGhAGGrPiItTCg24=","6MztETBz/OmXWbfoji2ZKvOnV+NXGtTxGuQ1wkm9OzQ=","B5e9YsdG5x0CnRsIAef0UNoIreHW/qvqT8E7hJvXLXg=","KeXoo/ucJa4ZvE8xIKA4wRpFmm8byIYxGSMgn+dUNQc=","wJtZaUwWbcIPBAwazc8iduV9DY1MUStklsmJ2hP70GI=","SxFjCTh+cCZmKWUSc57NSkZ4Tx7LbCbsqe+QbAAqVhk=","Z1SVxT+ZZ9qiNQ4fSSbhj4OXHUQ+0Mmva7yLeYL+rE0=","dnfRpm5UXjM0kNS0Y95p/LyTXc2hN5FKvzBQMVgXSbc=","RvWZQdd0swzb81W48m0xcYANfeX6vZxX+gK6o0Ia4VE=","GnHsFristZT5+mZaPkvsJHAe+lmVe+nx4waNW39miFo=","hs6729dvLVU71kW0FfdTz4YT2s8mXpMv4kjoCNH6stM=","8cXpwBvqBj/4hpuPaa4enaOnFaVQ7STAhCW/eMHbyPo=","TC5AOHwfd/2FLTzzNexXvcLJH8Ukog3LAkKxX4JO8G4=","tls39ncW3UXKhZBLqVPelYLoinsOPyqZhMcEmnMVl30=","k/ZDX7/LgjTfbZ7HubuyKlXzb2Z6NWTDqXFrN+lhG5E=","IrWpL6k/saG9tmzb6/b38Cf916/ZN53ZXbFX9vH0neg=","5l4lysb7e4Nl0V8lmBiDnTJamduGu07GkKCuRsig0N4=","nLLPr9I2bQN+gE4gG8VTGa6h06u2RBzYh1tK9xnfU2k=","Ehb5AAa7GqSogiiPymkRcWFXAb9enzjiTGodDKPUXJg=","qCbDr1FS1UjF9uTKwDIvMZlkSPzKzNVbqK7P+z2xVrY=","sN/EWCy37Z6Wh58hClml7yDjZT2LkNzCyFnUtM1MHWw=","fsoURc4DvV2fwWa/PdUeAQIHWxMoAcpY1KGmte1IHXE=","XwGg292JsW9hGD+XOQmcDmoEXGCX41ypAgBQpgg0/iE=","cN5LpYUCxCcy289np7Te3daEJrw7Oe1oAgUZ5y1Dxrc=","KNRO1YmkdDEtEuDobgM/HPZ7wiZYG/D24zSbjk1isAg=","poLdS06P8FjXAca+ehRTSLpausxBDn0JCN3qgyy0RXY=","ddZaK6MjAd8Axuf/coDGDMIkHQCqVVQB4Eoqo2McMps=","TnWF0RfWhp0o9JP4FN8pAJAhVd1Q3KeAf4B3ZkwfV34=","1iOgiyY+Gu4F+NHQjIq/hjhV7P6m3csI5M9noqIu5IU=","1EVNOttIwy78YZh/l4QiS61QCHmyAEzKwx+FCD0ju8U="],"block_size":4096,"path":"mdl/material.min.js.map"},{"block_hashes":["q32OGYVqbrxJa+NMx3uLcyIaNm2BqC33j07znHwwHoE="],"block_size":4096,"path":"mdl/package.json"},{"block_hashes":["AZoa9xiuWkDNBbaP1f40CRbu9jD8BXgxqWJ0e6sMmwU="],"block_size":4096,"path":"options.css"},{"block_hashes":["wediYHCosn3icxEn2bNxLwkPxS11TIilHTBX/nxf+NQ=","7UlxraXuhT5aEUhj645s8zSqLS3U+tVQ7EMJqO0EVPo="],"block_size":4096,"path":"options.html"},{"block_hashes":["NLLzPi8yjkfV8csjv2qCQU3l5ymZu/B8oQqFJJpMZCQ="],"block_size":4096,"path":"options.js"}],"version":2}